{
    "app_code": "partner_app_code",
    "adjust": "adjust_sdk_key",
    "amplitude": "amplitude_sdk_key",
    "revenue_cat": "revenuecat_sdk_key",
    "firebase": {
        "appId": "firebase_app_id",
        "apiKey": "firebase_api_key",
        "senderId": "firebase_senderId",
        "projectId": "firebase_projectId"
    },
    "applovin": {
        "sdkId": "applovin_sdk_id",
        "interstitialUnitId": "interstitila_id",
        "rewardedUnitId": "rewarded_id"
    },
    "conversion_value": {
        "bottom_tier": {
            "first.subscription.id": 123,
            "second.subscription.id": 456,
            "third.subscription.id": 789
        },
        "top_tier": {
            "first.subscription.id": 123,
            "second.subscription.id": 456,
            "third.subscription.id": 789
        },
        "us_tier": {
            "first.subscription.id": 123,
            "second.subscription.id": 456,
            "third.subscription.id": 789
        }
    }
}
