[
    {
        "page_view__todo|page_view__home|ac_click__add_todo|page_view_paywall": {
            "cv": 45
        },
        "page_view__todo|page_view__home|ac_click__add_todo|page_view_paywall|payment_start__30": {
            "cv": 46
        },
        "page_view__todo|page_view__home|ac_click__add_todo|page_view_paywall|payment_start__365": {
            "cv": 47
        },
        "page_view__home|ac_click__add_todo|page_view_paywall|payment_start__365|payment_cancel": {
            "cv": 48
        },
        "ac_content_click__todo__0|page_view__home|ac_content_click__todo__0|page_view__home|ac_content_click__todo__0": {
            "cv": 49
        }
    },
    "first_session"
]